event_id,m1_det,m2_det,m1_src,m2_src,z_source,dl_source,gps_time,ra,dec,psi,theta_jn,phase,a1,a2,tilt1,tilt2,phi12,phijl
0016,4.782534369420335,4.479519148369783,1.7319476959429547,1.6222137194785562,1.7599999999999993,13636.26232171545,1126321095.9478512,2.499800755083677,0.4598476741622445,2.163918818092956,1.2755174710958057,1.8458207098821815,0.0201313059447762,0.0379306373293995,1.243826852492247,1.5529922065068786,3.908996613010881,5.59268119731936
0017,7.624244511499471,6.511385886450468,1.354695298362019,1.156959726683848,4.629999999999997,43610.178215009335,1126273357.017932,0.4764276559319961,1.3301807244369586,3.066933119005352,0.5315428260339649,5.294947015241428,0.0068221917297142,0.0232787147162352,1.6774615414721068,0.8700525921662514,6.134552640927685,4.945278476909723
