event_id,n_images_theory,n_images_detected,img_snrs,img_mags,img_delays_days,img_x_arcsec,img_y_arcsec,img_kappa,img_gamma1,img_gamma2,img_kappa_gal
0016,5,3,"[13.49, 5.16, 2.0, 56.34, 55.73]","[9.9797, -4.4637, 0.6006, -174.6024, 170.8781]","[0.0, 0.198234, 0.212302, 0.023854, 0.02385]","[0.06109, -0.02336, -0.00412, 0.02034, 0.01708]","[0.00575, 0.02171, 0.00357, -0.05808, -0.05929]","[0.5538, 1.0854, 2.4703, 0.6694, 0.6613]","[-0.3113, -0.0491, -0.0089, 0.2428, 0.2618]","[-0.0441, 0.4785, 0.7048, 0.2368, 0.2008]","[0.37305, 0.86112, 2.15944, 0.47872, 0.47149]"
0017,5,3,"[9.03, 5.0, 11.46, 13.06, 0.03]","[3.3336, -1.3635, -9.4683, 9.9373, 0.0]","[0.0, 45.00807, 16.4653, 16.11219, 103.5277]","[0.74035, -0.00476, -0.41174, -0.63899, -0.00016]","[-0.41992, 0.53798, -0.57046, -0.36013, 0.00067]","[0.3694, 0.5999, 0.4644, 0.4219, 164.426]","[-0.1029, 0.9447, 0.2709, -0.1528, 33.517]","[0.2951, -0.0316, -0.5649, -0.4585, 10.0112]","[0.01896, 0.10243, 0.03978, 0.02824, 162.3223]"
