event_id,m1_det,m2_det,m1_src,m2_src,z_source,dl_source,gps_time,ra,dec,psi,theta_jn,phase,a1,a2,tilt1,tilt2,phi12,phijl
0010,167.6310774225929,150.5048547151764,30.58714136531618,27.46217072705532,4.479999999999998,41977.10790216299,1126291788.153411,4.437837215520144,0.4693745382139995,0.559940412239666,1.148386516279252,2.328240268397576,0.5311924934228022,0.3728407360166089,1.6020404716115233,1.4282006482685188,2.651666036656955,4.627971206914955
0011,27.602607446429,26.948519164159823,10.157462930460287,9.91676547123322,1.7199999999999993,13220.384936276982,1126342285.078226,5.227076914603767,-0.6232011720023084,0.5835581076812127,0.2978264016034243,4.567717926599922,0.1268905039218071,0.2926027354928144,1.7345687854029674,0.5882550356504298,5.492402239340079,3.4619034077408126
0012,167.82477144218288,159.22970602399045,35.93453771665836,34.09416755084177,3.669999999999998,33145.35031069047,1126314346.3681626,1.820512123618239,0.1906920215685653,1.6428066226233895,0.4892460030779766,6.18070591041332,0.5243700285532933,0.1422884263512076,2.816990913188896,1.6875457681152524,3.191140410734587,2.177100293814201
0013,36.85517402487545,22.35872573925015,10.511939511310183,6.377220532518322,2.509999999999999,20962.481760732408,1126297440.2192752,3.121577701378796,0.3106736505081665,0.3845656107339747,2.817902565414469,5.339484555824019,0.0997389032161283,0.1608536381182888,0.1772850286741507,0.6103590339602528,4.400284118604818,4.8252950613572825
0014,92.4154028448174,90.89785157383766,16.81886632205775,16.54268409292939,4.499999999999997,42135.09265388801,1126287669.9427984,0.1898646439542537,0.4416907650505118,0.7187004437942732,2.265171483702124,3.3963319854531435,0.1925944679380251,0.0921274920846772,2.092255103828866,1.5236485863616165,2.0114184644080138,2.6193169829512915
0015,57.72215794396208,39.23015957635237,9.08669839195185,6.175663568997661,5.349999999999997,51718.625933576805,1126291550.675496,3.273731855557448,0.7287425922442948,0.6323280840602907,0.4628216321996785,0.205580247419696,0.146639986596801,0.0528447642600851,1.0876661279529458,1.329040828274724,3.704012507328204,2.3275530451431066
0016,45.18336186647591,37.64934364209822,10.185227750209648,8.486910309460484,3.4399999999999986,30640.921087810028,1126268886.3750932,2.3002567096160287,0.635998910016612,2.4535922140606776,0.3311615370312442,0.5934246366799146,0.2678748283039641,0.3136302786674916,1.467080287009289,1.294148332436548,4.712045117059383,4.180540326776465
