event_id,n_images_theory,n_images_detected,img_snrs,img_mags,img_delays_days,img_x_arcsec,img_y_arcsec,img_kappa,img_gamma1,img_gamma2,img_kappa_gal
0037,3,3,"[10.38, 9.16, 8.18]","[3.9089, -3.2659, 2.5759]","[2.356418, 2.98593, 0.0]","[0.06211, -0.14763, -0.28131]","[-0.29651, -0.1643, 0.2494]","[0.456, 0.7265, 0.3678]","[0.1748, -0.0504, -0.1]","[-0.0975, -0.6152, 0.0377]","[0.046, 0.08388, 0.02643]"
0002,3,3,"[14.17, 26.19, 20.62]","[3.8863, -5.2583, 4.9288]","[0.0, 40.31143, 23.85607]","[2.91094, 5.35621, 6.50913]","[-5.81975, -2.79092, -0.28357]","[0.4076, 0.6484, 0.4453]","[0.0393, -0.2747, -0.2566]","[0.3034, 0.4882, 0.1973]","[0.00577, 0.00988, 0.0083]"
0011,3,3,"[19.36, 11.88, 21.55]","[4.1815, 1.048, -4.4657]","[0.0, 7.115167, 7.02097]","[-0.31098, 0.03777, 0.10795]","[0.08295, 0.00756, 0.03388]","[0.4357, 2.1045, 1.1218]","[-0.2632, -0.3969, -0.3677]","[0.1003, -0.329, -0.3218]","[0.19937, 1.66643, 0.78289]"
0125,3,3,"[8.89, 17.11, 13.24]","[1.8143, -9.6919, 2.8484]","[0.0, 7026.575, 7041.011]","[-9.07247, 2.52624, 1.12279]","[-6.68066, 0.438, 0.52924]","[0.2259, 1.0636, 1.6612]","[-0.1058, -0.3195, -0.2848]","[-0.1918, 0.0719, -0.0706]","[5e-05, 0.00344, 0.02763]"
0132,3,3,"[30.62, 31.45, 15.38]","[17.3513, -18.472, 4.2341]","[0.376323, 0.380919, 0.0]","[-0.01106, 0.02412, 0.16821]","[-0.15407, -0.14796, -0.04816]","[0.5136, 0.5643, 0.4404]","[0.4152, 0.4349, -0.1084]","[0.0805, 0.2341, 0.2553]","[0.01419, 0.01748, 0.00691]"
0156,3,3,"[9.3, 18.6, 16.95]","[2.458, 6.3449, -5.132]","[0.0, 0.545642, 0.567806]","[0.03486, 0.02227, 0.04605]","[-0.08401, 0.05554, 0.02648]","[0.3495, 0.5314, 0.7942]","[0.1049, 0.0956, -0.3016]","[0.073, -0.2299, -0.3825]","[0.00101, 0.00167, 0.00304]"
0173,3,3,"[16.04, 20.11, 8.16]","[4.893, -7.7054, 1.2645]","[0.0, 0.198157, 0.202559]","[0.03503, -0.0168, -0.0049]","[-0.06682, 0.02637, 0.00811]","[0.4796, 1.0179, 1.9877]","[0.1621, 0.1505, 0.1692]","[0.2005, 0.3278, 0.3951]","[0.00072, 0.00164, 0.00326]"
