event_id,m1_det,m2_det,m1_src,m2_src,z_source,dl_source,gps_time,ra,dec,psi,theta_jn,phase,a1,a2,tilt1,tilt2,phi12,phijl
0037,10.496366379155887,10.26158587326839,1.3337016519339897,1.3038696951183553,6.8699999999999966,69118.22679766681,1126280762.065652,0.9939582513555224,-0.8189197374805851,1.8843908332016852,0.6083994483639715,6.195253508969941,0.0357154709374662,0.0071959052050737,0.5284569182338106,2.549596888092539,6.199502373045763,4.507812691613657
0002,4.808643207070038,4.2315523778508455,1.692041912596484,1.488978006965419,1.8399999999999992,14404.837599038028,1126321650.0745723,0.2524152501258234,-0.7395733907945259,1.308353344336841,2.391789126697869,0.3315681033344831,0.026889162182003,0.0183760821018389,1.9952717760388656,0.632870097297653,3.484173002995635,0.6447777683500768
0011,3.0321210442202795,2.7099778877547704,1.3795940416470849,1.2330211401251117,1.1999999999999995,8480.07432790799,1126316721.99501,5.7753665642437415,-0.641332997828866,3.1307425809527567,2.7831090927694286,1.3758185814334072,0.0157334434834565,0.0016919293292592,2.117694281436476,2.2018798642661457,1.5421128156690684,2.4854071340525303
0125,4.446587786406025,3.848254690861919,1.1639714056446944,1.0073473496902932,2.819999999999999,24176.98430540892,1126290220.5697918,5.43044883901477,0.8959427664716593,2.789952684538177,2.7331198635702094,2.7165545379721845,0.0202180523638167,0.0401897723843097,0.8202787795936162,0.8456212970012028,3.019105716474748,1.379507172870846
0132,9.51481797113466,8.495825913696205,1.524974110257327,1.36165658690946,5.239999999999997,50443.72377389644,1126331116.8313725,1.300783347546937,0.9956235562477154,1.42210336216226,2.929120452056597,0.8660213511703115,0.0447699059511199,0.0295376054981596,0.7300441715912777,1.446010586271443,0.0015446791729108,4.136027127475869
0156,8.829053426590448,8.103063758035908,1.723448881337028,1.58173424651963,4.119999999999997,38050.05284623612,1126343421.5914938,3.727688178184785,0.209959301210384,2.7133241707015454,2.619409094633001,2.387032185905118,0.0254917555118224,0.0254632179878282,2.3791120349104005,1.349619793516005,5.189181870748178,3.0202978601681
0173,13.94165967828327,12.53970344629567,1.9147233517524784,1.7221811152135271,6.2899999999999965,62310.03183825442,1126334011.1564035,4.505452666977432,-0.8233993752442835,0.1902299027903589,0.549732022850177,2.8420665360503907,0.0165837759489103,0.0126424989478642,0.2658467382343745,2.2363876360379544,5.006376520459079,0.1241744879234025
