event_id,n_images_theory,n_images_detected,img_snrs,img_mags,img_delays_days,img_x_arcsec,img_y_arcsec,img_kappa,img_gamma1,img_gamma2,img_kappa_gal
0040,3,2,"[36.34, 18.93, 0.46]","[12.6359, -3.965, 0.0057]","[0.0, 351.9699, 424.034]","[2.53507, -1.94734, -0.03069]","[-3.30032, 0.57894, 0.0107]","[0.5654, 0.9529, 14.3975]","[0.0336, -0.4033, -1.9978]","[0.3295, 0.303, -0.8611]","[0.00241, 0.0198, 11.58324]"
0053,5,3,"[9.8, 11.81, 2.38, 12.7, 0.02]","[3.5916, -3.8245, -5.5669, 8.9614, 0.0001]","[0.0, 14.62509, 13.7726, 13.36222, 30.78525]","[0.05276, -0.23531, 0.21291, 0.02615, -1e-05]","[-0.46869, 0.17205, 0.21022, 0.32764, 0.00038]","[0.4408, 0.6676, 0.5696, 0.5345, 120.2977]","[0.1845, -0.2851, -0.1027, 0.3047, 0.2404]","[-0.0171, 0.5391, -0.5952, -0.1107, -11.5026]","[0.00828, 0.03732, 0.06222, 0.02505, 118.2502]"
0101,3,2,"[10.81, 15.45, 6.44]","[-0.8709, 1.8292, 0.0755]","[12.96783, 0.0, 13.23221]","[0.01935, -0.16432, 0.005]","[-0.05641, 0.13354, -0.01194]","[1.1951, 0.2039, 5.1348]","[0.7839, -0.0584, 1.8292]","[0.7562, 0.2894, 0.7107]","[0.96078, 0.0456, 4.80616]"
0082,3,2,"[8.65, 35.49, 0.88]","[-1.4416, 22.2675, 0.0301]","[2.879629, 0.0, 3.187843]","[0.03026, -0.04826, 0.0023]","[0.02509, -0.07566, 0.00214]","[1.1157, 0.529, 7.5173]","[-0.176, 0.1993, -0.2315]","[-0.8222, -0.3705, -3.0345]","[0.3447, 0.06331, 5.91195]"
0096,5,3,"[10.04, 9.62, 9.37, 2.49, 0.39]","[7.4839, -3.8302, -3.8834, 2.26, 0.1424]","[5.184812, 5.402815, 5.325977, 0.0, 5.947357]","[0.13628, -0.05169, 0.19112, -0.2279, 0.00967]","[-0.20942, -0.15865, -0.07088, 0.42652, -0.01509]","[0.6177, 0.7797, 0.8594, 0.3323, 3.7691]","[0.0706, 0.236, -0.5169, 0.0318, -0.0764]","[0.0869, -0.5039, 0.1006, -0.0487, 0.7983]","[0.07779, 0.09179, 0.24904, 0.01562, 2.06011]"
