event_id,m1_det,m2_det,m1_src,m2_src,z_source,dl_source,gps_time,ra,dec,psi,theta_jn,phase,a1,a2,tilt1,tilt2,phi12,phijl
0040,3.673102269935593,3.4129774176702714,1.3320115317822887,1.2376800164970776,1.7599999999999993,13600.167401527868,1126292520.4228091,5.999172775597758,-0.2852662753266887,2.16255451368695,2.7428214851814743,6.107769278382627,0.0233996029085454,0.0358663500002019,2.002912597935299,1.2090851366837545,2.1469402896636547,6.228031415595012
0053,8.09932207983476,5.71316296513519,1.720112066283237,1.213346062312915,3.709999999999998,33557.37382021724,1126311507.1061327,4.534409513080598,-0.1714759339009905,2.057193759643509,0.264517106936336,4.410471308089341,0.022159637967077,0.0153389151614565,0.6723987449007309,0.8720927074675112,5.164977385707603,5.847665544392778
0101,2.1347752914996745,2.134552083648657,1.3180598447461789,1.3179220310349984,0.6199999999999998,3774.424639652342,1126323107.9692523,1.1899058066487325,1.1037359641082125,0.1416253279176816,0.5112052410900658,0.81763918434328,0.0254509461119694,0.040111950602384,2.032152581134225,2.6250318761443765,0.9191569342514092,3.748297643701658
0082,6.8676752051669325,5.934518681674477,1.734351914403072,1.4986940309697918,2.9599999999999986,25624.51750482209,1126276497.8872442,4.3523238691459945,-1.021157265322082,2.7634654294168848,2.325578934721811,4.428030433750694,0.0161388506912256,0.0108769082358371,2.046490800357698,1.9153131588392864,5.663963616521743,3.994431602767216
0096,14.088433442739795,9.387028821953615,1.8020862502063613,1.2007179960133103,6.819999999999997,68511.35377299268,1126342851.2041233,2.573416929692118,0.8268374218329194,2.258826508436444,0.7522865779752018,5.15965871228143,0.0136486762033265,0.025836058979925,0.8260993158629305,2.1761876222362573,4.422913545569738,0.4541303051165873
