event_id,n_images_theory,n_images_detected,img_snrs,img_mags,img_delays_days,img_x_arcsec,img_y_arcsec,img_kappa,img_gamma1,img_gamma2,img_kappa_gal
0001,3,2,"[21.06, 15.13, 2.62]","[4.4344, -1.6234, 0.0278]","[0.0, 9.539925, 11.21091]","[0.39194, -0.24761, -0.01588]","[-0.51957, 0.22595, 0.01574]","[0.365, 0.8319, 7.3574]","[0.1113, -0.0869, -0.1223]","[0.4066, 0.7979, 2.1092]","[0.17419, 0.59139, 6.92248]"
0002,3,2,"[9.31, 8.26, 0.24]","[1.9787, -0.5677, 0.0014]","[0.0, 173.3315, 198.0242]","[-1.21738, 0.4443, 0.01498]","[1.76478, -0.56485, -0.01917]","[0.2355, 0.7326, 28.9129]","[0.1085, 0.3511, 0.801]","[0.2594, 1.3076, 6.9414]","[0.02985, 0.44314, 28.36381]"
0003,3,2,"[10.52, 15.89, 0.08]","[4.0172, -1.9797, 0.0002]","[0.0, 10.70923, 32.38712]","[-0.38028, -0.00785, 0.00014]","[-0.3224, 0.39016, 0.00074]","[0.2648, 0.4059, 76.8898]","[-0.0467, 0.9249, 13.3855]","[-0.538, 0.052, -2.0457]","[0.08205, 0.19884, 76.17301]"
0004,3,2,"[11.55, 14.61, 7.29]","[-4.1558, 4.1805, 1.6631]","[0.086281, 0.0, 0.086745]","[-0.00976, 0.023, -0.00436]","[0.00133, 0.02207, 0.00032]","[1.3616, 0.4573, 2.0504]","[-0.5656, -0.051, -0.6666]","[0.2268, -0.2297, 0.24]","[1.11878, 0.2799, 1.76837]"
0005,3,2,"[18.05, 7.41, 18.74]","[8.6038, 3.53, -8.0295]","[0.218835, 0.0, 0.236038]","[0.16499, -0.15935, 0.08527]","[0.10271, 0.16025, 0.17484]","[0.508, 0.417, 0.6684]","[-0.1479, -0.0146, 0.2687]","[-0.3224, 0.2374, -0.4029]","[0.1897, 0.157, 0.33816]"
0006,3,2,"[8.62, 13.67, 2.77]","[2.3542, -1.9223, 0.224]","[0.0, 94.46818, 95.17621]","[-1.03591, 0.2514, 0.07711]","[-1.27518, 0.26847, 0.07931]","[0.3009, 1.2373, 3.4285]","[0.0519, 0.0876, -0.0063]","[-0.2477, -0.7542, -1.1975]","[0.01005, 0.31463, 1.86172]"
0007,3,2,"[13.13, 27.16, 0.51]","[2.0577, -8.2283, 0.003]","[0.0, 7.170667, 10.98581]","[0.08695, -0.10571, -0.00092]","[0.21882, -0.1016, -0.00181]","[0.2453, 0.4764, 19.5679]","[0.2421, -0.0178, -0.5003]","[-0.1579, -0.6288, -2.7054]","[0.06402, 0.24941, 18.96817]"
0008,3,2,"[9.97, 12.99, 0.17]","[-1.0233, 2.5366, 0.0005]","[17.22081, 0.0, 25.92227]","[0.19863, -0.45875, 0.00196]","[-0.14847, 0.02839, -0.00105]","[0.6065, 0.2756, 49.3467]","[-0.2688, -0.3526, -3.2082]","[1.0295, 0.0793, 11.0725]","[0.24997, 0.03927, 48.20026]"
