event_id,n_images_theory,n_images_detected,img_snrs,img_mags,img_delays_days,img_x_arcsec,img_y_arcsec,img_kappa,img_gamma1,img_gamma2,img_kappa_gal
0018,5,4,"[19.31, 19.88, 31.49, 30.12, 7.45]","[-6.0449, 7.8811, -18.2349, 16.8112, 0.8945]","[0.107725, 0.0, 0.03309, 0.029929, 0.114948]","[-0.01294, 0.10712, -0.01795, -0.07433, -0.00288]","[-0.04767, 0.03516, 0.08373, 0.05792, -0.00761]","[1.0454, 0.605, 0.7049, 0.6333, 2.163]","[0.3782, -0.1136, 0.3517, 0.0463, 0.3706]","[-0.1563, -0.1275, 0.135, 0.2699, -0.3121]","[0.01845, 0.00788, 0.01107, 0.00963, 0.04892]"
0047,3,2,"[11.65, 12.2, 0.18]","[6.2302, -5.188, 0.0017]","[0.0, 12.00987, 21.91822]","[-0.54951, 0.19933, 0.00249]","[0.95368, -0.70904, -0.00438]","[0.4434, 0.5795, 25.7377]","[0.2603, 0.555, -2.7379]","[0.2856, 0.248, 3.9733]","[0.03, 0.06715, 23.35572]"
0071,5,3,"[5.79, 12.12, 14.01, 13.36, 0.01]","[-6.3848, 17.1228, 18.5715, -25.6757, 0.0]","[32.82039, 0.0, 0.183995, 3.53569, 186.0936]","[-0.35976, -0.61601, 0.99097, 0.36591, -7e-05]","[0.75362, -0.81008, -0.0923, -0.87133, 0.00015]","[0.6098, 0.57, 0.5507, 0.5675, 289.4823]","[0.3352, 0.1383, -0.3637, 0.3204, 19.4988]","[0.4433, -0.3277, 0.1257, 0.3512, 14.646]","[0.02697, 0.01712, 0.01646, 0.01919, 286.8429]"
0081,3,2,"[16.37, 11.04, 1.12]","[3.0847, -1.5256, 0.0397]","[0.0, 10.00891, 10.31974]","[-0.33738, 0.09347, 0.01207]","[-0.15082, 0.02361, 0.00362]","[0.396, 1.1309, 6.5238]","[-0.1628, -0.7466, -1.9445]","[-0.1189, -0.3394, -1.2452]","[0.0125, 0.29529, 4.87087]"
0084,5,4,"[13.39, 10.74, 12.25, 17.56, 0.66]","[4.1282, -2.1692, -5.5682, 6.3738, 0.0078]","[0.0, 151.243, 59.34042, 44.61109, 198.4051]","[-1.50158, 0.65028, -0.6584, 0.53404, 0.013]","[-0.54636, -0.64808, 1.21046, 1.36784, -0.00802]","[0.4335, 1.006, 0.7379, 0.5081, 13.1755]","[-0.223, 0.0235, 0.2503, 0.2154, -1.5231]","[-0.17, 0.6786, 0.4309, -0.1967, 4.2508]","[0.00747, 0.05296, 0.01559, 0.0072, 9.34465]"
0110,3,2,"[13.05, 20.38, 3.67]","[2.2529, -9.9349, 0.09]","[0.0, 20.43362, 22.24369]","[-0.49273, 0.21443, 0.02095]","[-0.01405, 0.02408, 0.00282]","[0.2986, 0.723, 4.413]","[-0.2146, -0.409, -0.6663]","[-0.0453, -0.1003, -0.3098]","[0.01426, 0.09875, 2.23077]"
0138,3,2,"[9.94, 12.86, 0.02]","[-1.5398, 2.1662, 0.0]","[49.02496, 0.0, 67.6191]","[0.22655, -0.66306, 0.00056]","[-0.08264, 0.02879, -0.00011]","[0.6259, 0.3143, 257.8467]","[-0.6142, -0.0886, -21.8124]","[0.642, 0.0269, 19.5957]","[0.0655, 0.00344, 255.3911]"
