event_id,m1_det,m2_det,m1_src,m2_src,z_source,dl_source,gps_time,ra,dec,psi,theta_jn,phase,a1,a2,tilt1,tilt2,phi12,phijl
0018,161.87478115977805,152.52302924378677,39.83255924544338,37.531371811715005,3.0599999999999987,26710.7812230879,1126287072.9853845,3.320573350979058,1.0646682609910372,0.9570387227486372,0.8161628457331882,4.532612743596523,0.1645361912530907,0.0802207817515714,0.7507143723128756,0.2942335844597935,0.562863847355697,0.4715538958521668
0047,27.107649347353966,24.49991563784621,10.343908402832442,9.3488328695583,1.6199999999999992,12310.497870601268,1126267442.960116,2.3232843167020523,0.3572608788494778,0.7124872226463506,2.6897789152449127,2.1417749780640705,0.3506632577343741,0.7967053860246068,1.0649386616623069,0.8111810325207416,4.915402706888119,2.800616184743698
0071,29.81373750693698,27.51916479343409,9.237250963501571,8.526318830162126,2.229999999999999,18169.108709555505,1126275541.0010705,5.653915601634952,-0.3082567555012783,1.0967902294641068,0.8603390764492463,5.36329070434988,0.1534689590933197,0.0637425456483961,1.2123269567370047,1.909612533835172,0.1382922842114556,3.734502271829337
0081,137.140982529609,91.54725771083048,36.76240159828526,24.540418123813936,2.7699999999999987,23252.70048772692,1126264905.4251156,0.8605413370467357,0.7598334223535588,3.137438994934232,0.6767460072101034,5.729323978079967,0.4851902736803977,0.0428239043969794,0.6185526180387261,1.854097664803107,0.928600762912734,6.151915198640362
0084,105.8231748362786,102.39856670341796,35.05983724681497,33.92524452685576,1.9999999999999991,16110.618878961404,1126330389.366671,4.475168695333577,1.3050127849640305,0.3497461397382139,1.118588500388305,1.709482012346118,0.5449696070643594,0.2671764051768975,0.8605385416718067,1.6413158271847843,2.891229083250922,4.431084265195108
0110,74.37791618094334,69.93315585687579,26.5843672622481,24.995708330741824,1.8099999999999992,13983.150895697609,1126342208.7768793,1.853144570713113,0.5410478300509727,2.104979958641381,2.5575115036191467,4.72080387672962,0.2663620271805934,0.4623042838360186,1.600935677094553,1.86711775232638,0.8677655466112482,5.301604177883944
0138,193.0098863928233,130.82733875762048,42.97737591320653,29.13123168243953,3.5099999999999985,31224.952668265883,1126261023.7517226,1.1086129182772049,0.5706346927433374,1.6243771962113958,2.464113060966465,6.064602404016147,0.7163799107184419,0.2725852200243804,0.8711059603895462,0.6969254955381824,2.50872290350777,3.3818689331370337
