event_id,n_images_theory,n_images_detected,img_snrs,img_mags,img_delays_days,img_x_arcsec,img_y_arcsec,img_kappa,img_gamma1,img_gamma2,img_kappa_gal
0027,5,4,"[13.86, 16.47, 25.87, 22.43, 0.16]","[1.6131, -1.3461, 7.0208, -5.1537, 0.0002]","[0.0, 10.43895, 8.8362, 8.867912, 19.59335]","[-0.05118, -0.33669, 0.29124, 0.39641, -0.00028]","[-0.63924, 0.22299, 0.34662, 0.22806, 0.00115]","[0.1516, 0.3981, 0.2395, 0.3277, 71.9035]","[0.3158, -0.289, 0.1628, -0.3651, -16.9081]","[-0.0084, 1.0107, -0.6399, -0.7161, 2.6893]","[0.02164, 0.20023, 0.09382, 0.17736, 71.38295]"
0028,5,5,"[28.72, 24.62, 32.65, 25.63, 12.28]","[2.7311, -7.4816, 14.0435, -8.1908, 1.6403]","[0.0, 0.591352, 0.580286, 0.589872, 0.607513]","[0.04985, -0.02646, -0.02171, 0.00265, -0.00452]","[-0.05646, 0.00134, 0.025, 0.02573, 0.00491]","[0.3837, 0.9889, 0.7014, 0.9387, 1.79]","[0.0432, -0.3449, 0.0408, 0.2866, -0.0657]","[0.1088, -0.1218, 0.1277, -0.209, -0.1007]","[0.11274, 0.62576, 0.35895, 0.57345, 1.30765]"
