event_id,m1_det,m2_det,m1_src,m2_src,z_source,dl_source,gps_time,ra,dec,psi,theta_jn,phase,a1,a2,tilt1,tilt2,phi12,phijl
0009,4.030720094206082,3.735925830261759,1.3883964877105868,1.2868535100064646,1.8999999999999992,14993.419535494688,1126306373.5027606,2.4151639318851346,-0.0871387925313577,1.571810901602695,0.0868794658416462,0.1784270569121541,0.021069762734987,0.0043100229684461,0.6912061724319981,1.5492582757775948,5.388608457535031,2.635213958192659
0010,18.920857158340542,14.804625618370284,1.7880612044672666,1.3990685777785246,9.589999999999995,101198.57608335142,1126339009.2069652,1.9939907000771293,0.2458761506358856,1.940541585202433,0.4635520005431465,5.224462872110576,0.0226646757970651,0.0347345232485971,1.4974382101782642,2.159154722650676,2.3046776188917844,5.154869126062701
0011,3.4530549773471293,3.383962603000836,1.357541036390531,1.33037792022468,1.5399999999999994,11594.574007839292,1126305255.3047454,2.156809168498127,0.176112022666231,2.401917594042153,0.6550170678340639,5.481964986659656,0.033111088855764,0.006533471471299,2.6292047681196946,2.667709884413362,4.526969813530122,4.493396496971934
