event_id,n_images_theory,n_images_detected,img_snrs,img_mags,img_delays_days,img_x_arcsec,img_y_arcsec,img_kappa,img_gamma1,img_gamma2,img_kappa_gal
0009,5,4,"[21.47, 28.22, 15.39, 32.23, 0.06]","[-7.7625, -9.5897, 3.4283, 14.8066, 0.0]","[10.43952, 9.91845, 0.0, 9.815804, 54.79247]","[0.02482, -0.32019, 0.22716, -0.26435, -0.00011]","[-0.28982, -0.04039, 0.26546, -0.17096, -0.00011]","[0.2225, 0.3242, 0.1992, 0.2499, 169.33]","[0.8441, -0.7177, 0.2055, -0.1717, -37.8885]","[0.1443, -0.2141, -0.5543, -0.6824, -3.7571]","[0.06394, 0.16907, 0.05031, 0.0949, 168.7816]"
0010,5,3,"[3.03, 21.31, 20.21, 0.03, 23.93]","[-1.0859, 28.4561, 22.511, 0.0001, -48.1265]","[42.35221, 0.044584, 0.0, 97.5879, 0.095667]","[0.30996, -0.62437, -0.17628, 0.00082, -0.45473]","[-0.366, 0.34357, 0.65873, -0.00078, 0.51872]","[0.4576, 0.3475, 0.3101, 124.4798, 0.3365]","[0.3123, -0.2102, 0.5562, -18.8834, 0.1801]","[1.0572, 0.5885, 0.3497, 20.6202, 0.6546]","[0.13941, 0.07122, 0.03929, 123.5487, 0.05457]"
0011,5,4,"[17.24, 21.18, 13.8, 34.43, 0.25]","[-4.2345, -15.4152, 5.8758, 14.4876, 0.0024]","[6.451405, 2.761509, 0.0, 2.416583, 21.13184]","[-0.35303, 0.48703, -0.12257, 0.40924, -0.00072]","[-0.34835, 0.16792, 0.54593, -0.28301, -0.00127]","[0.613, 0.4862, 0.4045, 0.4071, 22.6958]","[-0.1008, -0.5169, 0.3312, -0.2309, 3.1417]","[-0.613, -0.2482, 0.2734, 0.4788, -6.7708]","[0.31269, 0.18478, 0.1295, 0.11191, 21.75326]"
