event_id,m1_det,m2_det,m1_src,m2_src,z_source,dl_source,gps_time,ra,dec,psi,theta_jn,phase,a1,a2,tilt1,tilt2,phi12,phijl
0026,16.6526735326066,14.19653029189488,1.4697387635594257,1.2529634257939803,10.319999999999995,110222.7258170073,1126271623.968252,4.199808900211369,-0.4827171190960637,0.9673730118227616,0.5862994566205406,1.2816110670089291,0.0377524665790087,0.0383350174701647,1.6243010797965982,1.479229701686431,1.4043952205470818,2.836455348157392
0031,3.843020558611202,3.757085050036446,1.1035565006263763,1.0788793781192365,2.479999999999999,20723.25033158718,1126325412.6516037,1.4247326988277262,-0.1326275425239849,2.2557102653775525,0.1975420014686048,6.04907067407248,0.0375347298246707,0.0133185757790444,0.9481117261696916,2.1400432950735118,3.2273789105080954,0.2620101689072985
0042,6.741823485210072,6.377212206897386,1.4945466018740248,1.4137185368553231,3.5099999999999985,31438.26822725728,1126294445.2161422,2.3889193828162014,-0.7569976075324364,1.108185681802374,2.987790897085331,1.1465342715658653,0.0356332737673919,0.0412432008273761,0.5576908347361809,1.0326872934499705,6.016825398354799,1.6536990681392802
0071,2.1824693380895,2.1793427745222207,1.0158218735353364,1.014366626671057,1.1499999999999995,8050.67216468971,1126263142.6351998,4.642651904479803,1.3138364686766422,2.6328342336158697,0.7937683899146306,0.9252359712237108,0.0175965803444209,0.0369699690661406,0.9963263246521809,1.9526482152903184,5.016712687249071,1.354502426363639
0073,4.160870042905965,3.5732624656387326,1.5996552494082323,1.3737482790210718,1.5999999999999994,12128.266290419851,1126295391.8238635,4.972065155766901,0.7828781822861222,1.370836264311999,2.176743279899325,0.2480360330044922,0.0467224800956744,0.0434774497769034,1.6972976461762723,1.1953235381567002,5.942831948614524,0.1930012373706051
