event_id,n_images_theory,n_images_detected,img_snrs,img_mags,img_delays_days,img_x_arcsec,img_y_arcsec,img_kappa,img_gamma1,img_gamma2,img_kappa_gal
0026,3,2,"[8.12, 11.74, 3.12]","[10.5579, -10.0845, 4.0629]","[210.2139, 217.0633, 0.0]","[3.3422, 1.89133, -3.35749]","[1.96639, 2.50891, 3.9809]","[0.5242, 0.5934, 0.4744]","[0.2838, 0.3866, 0.1426]","[-0.2262, -0.3391, -0.0992]","[0.00049, 0.00079, 0.00018]"
0031,3,2,"[8.57, 13.76, 0.3]","[2.6838, -19.0071, 0.0046]","[0.0, 30.7696, 47.25054]","[1.14207, -0.72872, -0.00986]","[-0.17618, -0.23704, 0.00282]","[0.2597, 0.4869, 15.8052]","[-0.397, -0.4901, 1.0507]","[0.1334, -0.2751, 1.529]","[0.00962, 0.02477, 10.3375]"
0042,3,2,"[15.08, 11.41, 0.14]","[3.4333, -1.8978, 0.0004]","[0.0, 50.94932, 87.93321]","[-0.23215, 0.43503, 0.00191]","[-0.77571, 0.2471, 0.00173]","[0.382, 0.6814, 55.0247]","[0.2452, -0.4507, -7.5284]","[-0.1747, -0.6522, -16.9369]","[0.02105, 0.17032, 52.91337]"
0071,3,2,"[12.16, 13.85, 0.45]","[3.4144, -3.6851, 0.0051]","[0.0, 78.85069, 91.72592]","[0.02556, 0.00757, -0.00019]","[-1.42882, 0.58418, 0.01477]","[0.4138, 0.7873, 15.0855]","[0.2252, 0.5621, 1.1718]","[0.0056, -0.025, 0.1295]","[0.00661, 0.06836, 12.78456]"
0073,3,2,"[16.34, 9.33, 0.03]","[3.5616, -5.0395, 0.0001]","[0.0, 24.17621, 52.53065]","[-1.07291, 0.3988, 0.0007]","[-0.27261, 0.61632, 0.00042]","[0.3926, 0.5421, 126.6218]","[-0.2478, 0.2591, 21.6315]","[-0.1635, -0.5839, 3.8089]","[0.00565, 0.03162, 122.8232]"
