event_id,n_images_theory,n_images_detected,img_snrs,img_mags,img_delays_days,img_x_arcsec,img_y_arcsec,img_kappa,img_gamma1,img_gamma2,img_kappa_gal
0010,3,3,"[33.84, 24.55, 16.82]","[1.9673, -1.1592, 0.5346]","[0.0, 7.701179, 7.706614]","[-0.26579, 0.04873, 0.03022]","[-0.03023, -0.00836, -0.0048]","[0.2116, 1.8799, 3.0065]","[-0.3318, -1.1964, -1.3509]","[-0.056, 0.4532, 0.575]","[0.07832, 1.64991, 2.74991]"
0040,3,3,"[27.28, 19.48, 8.47]","[3.028, -1.6005, 0.35]","[0.0, 202.2128, 202.7146]","[0.54945, 0.00427, -0.00034]","[1.75263, -0.32226, -0.1334]","[0.3597, 1.5465, 3.1772]","[0.261, 0.9598, 1.3697]","[-0.1075, 0.0481, 0.0834]","[0.00729, 0.42926, 1.61037]"
0175,3,3,"[44.03, 34.23, 17.6]","[3.3908, -1.8795, 0.4891]","[0.0, 2.456036, 2.46811]","[-0.18963, 0.04874, 0.02018]","[-0.0578, -0.00306, -0.00019]","[0.386, 1.4175, 2.7871]","[-0.2462, -0.8185, -1.0602]","[-0.1464, 0.1911, 0.1596]","[0.06448, 0.74457, 1.91775]"
0068,3,3,"[18.27, 29.33, 25.75]","[2.3734, -5.203, 4.0131]","[0.0, 4.384963, 4.385164]","[-0.19946, 0.05494, 0.0456]","[0.24389, -0.01736, -0.0152]","[0.2878, 1.7387, 2.006]","[-0.0583, -0.7718, -0.7855]","[0.2871, 0.3771, 0.3819]","[0.10086, 1.39695, 1.64951]"
