event_id,m1_det,m2_det,m1_src,m2_src,z_source,dl_source,gps_time,ra,dec,psi,theta_jn,phase,a1,a2,tilt1,tilt2,phi12,phijl
0010,27.864960278252777,5.441905543569808,9.051168409255268,1.7676538222289062,2.079999999999999,16699.619568378344,1126288917.6515882,0.0372370955822308,-0.7844242880093523,2.571067296400619,2.732191086106849,2.98827403270848,0.0432770267315499,0.0095575778859195,2.237642470725852,1.5288676585798011,2.2745616681889875,2.9967151499364
0040,27.475216063323664,6.245952819764625,8.588142089642108,1.9523460771958876,2.199999999999999,17888.00532431842,1126267318.458124,1.4482211002605214,1.3701635826413991,0.668728252367197,0.9993833305657764,1.4103381635119117,0.3610198851157308,0.0422562663135416,1.4103236575405715,1.902089525356445,0.5172596544869305,3.9530525364807336
0175,20.5935812281579,5.787399352040937,7.257016090055591,2.0394340232534303,1.8399999999999992,14364.889564965211,1126260005.9847164,3.260727240073528,0.1468679710849633,0.0453787520951451,0.2134683721241083,2.4637883550365256,0.0421198413444363,0.0327585604940019,2.233308398571753,0.8899791894237099,1.538541740669569,0.3150589719306417
0068,28.839447069038776,7.610704561666434,7.433642935780402,1.961731792766616,2.8799999999999986,24791.51246177968,1126341645.8421526,2.161559213357142,0.8068988962987502,2.19754253599642,1.0488493375052064,1.94099928394962,0.0063546312759732,0.0420138210069861,1.7851498607997478,1.1215908200384224,0.0031705977636081,3.416668019333738
