event_id,lens_einstein_radius,lens_max_sep,lens_flux_ratio,src_pos_x_arcsec,src_pos_y_arcsec,lens_type_flag,is_subhalo,subhalo_frac,host_halo_type,host_halo_z,host_halo_mass,host_halo_x,host_halo_y,host_halo_e,host_halo_pa,host_halo_param,central_gal_type,central_gal_z,central_gal_mass,central_gal_x,central_gal_y,central_gal_e,central_gal_pa,central_gal_param,shear_type,shear_z,shear_mass,shear_x,shear_y,shear_e,shear_pa,shear_param,subhalo_type,subhalo_z,subhalo_mass,subhalo_x,subhalo_y,subhalo_e,subhalo_pa,subhalo_param,satellite_type,satellite_z,satellite_mass,satellite_x,satellite_y,satellite_e,satellite_pa,satellite_param
0010,0.1529107,0.3152849,0.5892127,-0.1166337,0.002244012,0,False,-1.0,0,0.876,640983800000.0,0.0,0.0,0.2983396,-158.4072,4.485526,1,0.876,16619400000.0,0.0,0.0,0.2460954,-152.2013,0.1184087,2,0.876,2.08,0.0,0.0,0.04267526,76.29394,0.0,-1,-1.0,-1.0,-1.0,-1.0,-1.0,-1.0,-1.0,-1,-1.0,-1.0,-1.0,-1.0,-1.0,-1.0,-1.0
0040,1.266477,2.145314,0.5285662,0.06134339,0.5828031,0,False,-1.0,0,0.755,6788570000000.0,0.0,0.0,0.156453,72.41431,12.83813,1,0.755,111686900000.0,0.0,0.0,0.3245221,67.02795,0.3343923,2,0.755,2.2,0.0,0.0,0.06430045,19.73736,0.0,-1,-1.0,-1.0,-1.0,-1.0,-1.0,-1.0,-1.0,-1,-1.0,-1.0,-1.0,-1.0,-1.0,-1.0,-1.0
0175,0.1327805,0.2445763,0.5542866,-0.06996153,-0.1741796,0,True,0.2870908,2,0.744,1045645000000.0,0.1759319,-27.50395,0.3307799,24.37854,6.369636,3,0.744,37986010000.0,0.1759319,-27.50395,0.3041675,6.290298,0.09111016,4,0.744,1.84,0.0,0.0,0.03301271,144.611,0.0,0,0.744,288163600000.0,0.0,0.0,0.4358909,-122.1752,16.17011,1,0.744,5362031000.0,0.0,0.0,0.064042,-184.1496,0.09451583
0068,0.2064721,0.3646455,0.7713049,-0.08846298,0.04998997,0,False,-1.0,0,0.624,652139700000.0,0.0,0.0,0.2735832,100.7694,6.085586,1,0.624,18783240000.0,0.0,0.0,0.2874536,133.1356,0.221026,2,0.624,2.88,0.0,0.0,0.09515314,89.44283,0.0,-1,-1.0,-1.0,-1.0,-1.0,-1.0,-1.0,-1.0,-1,-1.0,-1.0,-1.0,-1.0,-1.0,-1.0,-1.0
