event_id,m1_det,m2_det,m1_src,m2_src,z_source,dl_source,gps_time,ra,dec,psi,theta_jn,phase,a1,a2,tilt1,tilt2,phi12,phijl
0028,53.16980442556796,6.30211055935324,15.813070689145764,1.8742916368137497,2.3699999999999988,19514.591360837185,1126305658.591354,5.174962205846004,0.3792302249039334,2.8421899813011926,0.1917500403948235,5.317012552047493,0.0093205000324284,0.017535614953135,2.915993188081534,1.0954088126969164,1.6907972705823398,2.968997552923283
