event_id,lens_einstein_radius,lens_max_sep,lens_flux_ratio,src_pos_x_arcsec,src_pos_y_arcsec,lens_type_flag,is_subhalo,subhalo_frac,host_halo_type,host_halo_z,host_halo_mass,host_halo_x,host_halo_y,host_halo_e,host_halo_pa,host_halo_param,central_gal_type,central_gal_z,central_gal_mass,central_gal_x,central_gal_y,central_gal_e,central_gal_pa,central_gal_param,shear_type,shear_z,shear_mass,shear_x,shear_y,shear_e,shear_pa,shear_param,subhalo_type,subhalo_z,subhalo_mass,subhalo_x,subhalo_y,subhalo_e,subhalo_pa,subhalo_param,satellite_type,satellite_z,satellite_mass,satellite_x,satellite_y,satellite_e,satellite_pa,satellite_param
0037,0.07224441,0.172857,1.0,0.01036416,0.001781011,0,False,-1.0,0,0.469,265564800000.0,0.0,0.0,0.1878906,-78.00224,10.19639,1,0.469,4530313000.0,0.0,0.0,0.3965368,-23.63885,0.1892875,2,0.469,2.39,0.0,0.0,0.02439611,150.8732,0.0,-1,-1.0,-1.0,-1.0,-1.0,-1.0,-1.0,-1.0,-1,-1.0,-1.0,-1.0,-1.0,-1.0,-1.0,-1.0
0038,0.09891202,0.2415565,1.0,-0.009252859,-0.007744697,0,False,-1.0,0,1.327,421649700000.0,0.0,0.0,0.231708,-148.8957,7.707945,1,1.327,4767793000.0,0.0,0.0,0.2852325,-160.7238,0.06049277,2,1.327,3.75,0.0,0.0,0.03316681,47.14321,0.0,-1,-1.0,-1.0,-1.0,-1.0,-1.0,-1.0,-1.0,-1,-1.0,-1.0,-1.0,-1.0,-1.0,-1.0,-1.0
0039,0.1101244,0.2635506,1.0,0.01201556,0.01425719,0,False,-1.0,0,0.467,360470300000.0,0.0,0.0,0.2696798,-159.4569,5.820087,1,0.467,9713670000.0,0.0,0.0,0.2937317,-161.706,0.2170789,2,0.467,2.34,0.0,0.0,0.1046789,147.5277,0.0,-1,-1.0,-1.0,-1.0,-1.0,-1.0,-1.0,-1.0,-1,-1.0,-1.0,-1.0,-1.0,-1.0,-1.0,-1.0
0040,0.3116062,0.8842344,1.0,-0.01122832,0.02047951,0,False,-1.0,0,1.047,992999800000.0,0.0,0.0,0.07055901,137.8751,6.039482,1,1.047,28261510000.0,0.0,0.0,0.3563436,192.4396,0.05994132,2,1.047,5.19,0.0,0.0,0.2088235,25.64837,0.0,-1,-1.0,-1.0,-1.0,-1.0,-1.0,-1.0,-1.0,-1,-1.0,-1.0,-1.0,-1.0,-1.0,-1.0,-1.0
