event_id,m1_det,m2_det,m1_src,m2_src,z_source,dl_source,gps_time,ra,dec,psi,theta_jn,phase,a1,a2,tilt1,tilt2,phi12,phijl
0037,23.089434990194317,7.190128572302398,6.819499660950348,2.1236153843447934,2.389999999999999,19749.468192255044,1126289380.5321105,5.881085550657232,-1.1336978026290654,0.0071350669579268,0.6570702286768043,5.964570337670878,0.1116442684947556,0.0487760363844785,1.5596313609067725,1.411911896622419,1.337346980008298,0.683449521128057
0038,34.74448642232712,7.20593414673971,7.30427041828286,1.5148904774226872,3.7499999999999982,34075.912575857845,1126306680.1658657,2.0288436307820388,-0.4250322874059025,1.7286315759735045,0.822939897062187,1.7224001387917822,0.0998945852201976,0.0283600265331945,1.331613735017558,1.6095031320546618,4.936647839895501,3.627605970992409
0039,20.12055076473893,4.181959025579976,6.027169913498333,1.2527180748267892,2.339999999999999,19273.231056291505,1126264333.026764,1.0344449854629485,0.4740105816120115,1.4167015149907232,0.5528147599370276,1.152061644633682,0.0081059714067809,0.0231767751446237,1.4167154139611962,0.9862361522465394,0.1515427674998203,3.952095249420753
0040,51.82550177499595,13.984016551450948,8.383166124993483,2.262020237728435,5.189999999999997,49799.480622061776,1126325012.2457373,2.9398096411773875,-1.473972048047597,2.4735035338338407,0.5956840461482253,1.38558184670019,0.1084884570365166,0.0125637886197117,1.0174593338951217,1.162303324711904,4.577615092681586,3.0317832267779568
